{
    "products": [
        {
            "name": "Ex L60015 Wayfarers Sunglasses",
            "id": "1",
            "description": "This is a dummy product description. The purpose of a product description is to supply customers with important information about the features and benefits of the product so they're compelled to buy.",
            "supplier": "Mohamed Ali",
            "category": "Fashion",
            "image":"/assets/images/logoWithText.png",
            "tags": [
                "Sunglasses",
                "Wayfarers"
            ],
            "cost_price": 5.00,
            "listing_price": 600,
            "sku": "Ex 160015 Wayfarers Sunglasses",
            "quantity": 50,
            "thumbnail_image": "Add product.jpg",
            "variants": [
                {
                    "attribute_1": "Blue",
                    "attribute_2": "S",
                    "sku": "ILM-32520",
                    "price": 20.00,
                    "listing_price": 20.00,
                    "quantity": 20
                },
                {
                    "attribute_1": "Blue",
                    "attribute_2": "M",
                    "sku": "ILM-32520",
                    "price": 20.00,
                    "listing_price": 20.00,
                    "quantity": 20
                }
            ]
        },
        {
            "name": "Retro Headphones - Vintage Vibes",
            "id": "2",
            "description": "Immerse yourself in rich sound with these stylish retro headphones. Featuring cushioned ear cups, a sleek headband, and a 3.5mm jack, these headphones deliver comfort and classic audio quality.",
            "supplier": "Audiophile Inc.",
            "category": "Electronics",
            "image":"/assets/images/logoWithText.png",
            "tags": [
                "Headphones",
                "Retro",
                "Vintage"
            ],
            "cost_price": 15.00,
            "listing_price": 75.00,
            "sku": "RH-12345",
            "quantity": 30,
            "thumbnail_image": "retro-headphones.jpg",
            "variants": [
                {
                    "attribute_1": "Brown",
                    "attribute_2": "One Size",
                    "sku": "RH-12345-BROWN",
                    "price": 25.00,
                    "listing_price": 75.00,
                    "quantity": 15
                },
                {
                    "attribute_1": "Black",
                    "attribute_2": "One Size",
                    "sku": "RH-12345-BLACK",
                    "price": 25.00,
                    "listing_price": 75.00,
                    "quantity": 15
                }
            ]
        },
        {
            "name": "Eco-Tote: Carry Your Values in Style",
            "id": "3",
            "description": "Make a statement with this spacious and sustainable tote bag. Crafted from recycled materials, it features a vibrant print and sturdy handles, perfect for everyday use.",
            "supplier": "Green Threads",
            "category": "Bags",
            "image":"/assets/images/logoWithText.png",
            "tags": [
                "Tote Bag",
                "Eco-Friendly",
                "Recycled"
            ],
            "cost_price": 8.00,
            "listing_price": 35.00,
            "sku": "ETB-67890",
            "quantity": 45,
            "thumbnail_image": "eco-tote.jpg",
            "variants": [
                {
                    "attribute_1": "Natural",
                    "attribute_2": "One Size",
                    "sku": "ETB-67890-NATURAL",
                    "price": 12.00,
                    "listing_price": 35.00,
                    "quantity": 25
                },
                {
                    "attribute_1": "Green",
                    "attribute_2": "One Size",
                    "sku": "ETB-67890-GREEN",
                    "price": 12.00,
                    "listing_price": 35.00,
                    "quantity": 20
                }
            ]
        },
        {
            "name": "Hydrate Smarter: Smart Water Bottle with Temperature Tracker",
            "id": "4",
            "description": "Stay hydrated and informed with this innovative water bottle. It tracks your water intake, displays the temperature, and even connects to your phone for reminders. Stay on top of your health goals with every sip.",
            "supplier": "TechThirst",
            "category": "Kitchen & Dining",
            "image":"/assets/images/logoWithText.png",
            "tags": [
                "Water Bottle",
                "Smart",
                "Temperature Tracker"
            ],
            "cost_price": 20.00,
            "listing_price": 125.00,
            "sku": "SWB-34567",
            "quantity": 20,
            "thumbnail_image": "smart-water-bottle.jpg",
            "variants": [
                {
                    "attribute_1": "Stainless Steel",
                    "attribute_2": "500ml",
                    "sku": "SWB-34567-SS-500ML",
                    "price": 30.00,
                    "listing_price": 125.00,
                    "quantity": 10
                },
                {
                    "attribute_1": "Black Plastic",
                    "attribute_2": "750ml",
                    "sku": "SWB-34567-BP-750ML",
                    "price": 30.00,
                    "listing_price": 125.00,
                    "quantity": 10
                }
            ]
        }
    ],
    "categories": [
        {
            "id":"1",
            "name": "Sunglasses",
            "status": "true",
            "created_at":"28-04-2023",
            "price_commission":"5%",
            "parent":"--"
        }
    ],
    "attributes": [
        {
            "id":"1",
            "name": "color",
            "status": "active",
            "created_at":"28-04-2023"
        },
        {
            "id":"2",
            "name": "size",
            "status": "active",
            "created_at":"28-04-2023"
        },
        {
            "id":"3",
            "name": "type",
            "status": "active",
            "created_at":"28-04-2023"
        }
    ]
}